{"cameraMode":{"drawMode":0,"name":"Shaded","section":"Shading Mode"},"sceneLighting":true,"audioPlay":false,"sceneViewState":{"showFog":false,"showMaterialUpdate":false,"showSkybox":false,"showFlares":false,"showImageEffects":false,"showParticleSystems":false},"in2DMode":false,"pivot":{"x":-12.61790943145752,"y":4.6259260177612309,"z":-12.187484741210938},"rotation":{"x":-0.0437934435904026,"y":-0.009893405251204968,"z":0.00043369075865484774,"w":-0.9989916086196899},"size":31.85987663269043,"orthographic":false}